,Maori,Pacific,Asian,European/Other,total,
0–4,85230,44706,59142,99309,"288,387",
5–9,85125,43587,62616,120408,"311,736",
10–14,92067,47784,56544,139779,"336,174",
15–19,83340,43800,49497,144000,"320,637",
20–24,72657,42036,53010,144249,"311,952",
25–29,67863,37992,75075,154785,"335,715",
30–34,64056,33171,98967,177885,"374,079",
35–39,52188,26373,95664,171312,"345,537",
40–44,46518,23517,78846,166884,"315,765",
45–49,46116,21387,53742,180975,"302,220",
50–54,47559,20124,44436,210516,"322,635",
55–59,42114,18015,36138,207807,"304,074",
60–64,37935,13947,30882,213654,"296,418",
65–69,26811,10257,26973,188451,"252,492",
70–74,18264,7245,18183,169746,"213,438",
75–79,10317,4500,10419,138396,"163,632",
80–84,5871,2556,6444,93120,"107,991",
85–89,2466,1179,3591,50703,"57,939",
90+,996,456,1413,30228,"33,093",
