age,population,,Population sizes (2018 cencus):,Māori,Pacific Peoples,Asian,euro/other,,,European,Middle Eastern/Latin American/African,Other Ethnicity,,,age un adj,Maori,Pacific,Asian,Other,,sum
0,613676,,https://tools.summaries.stats.govt.nz/ethnic-group/pacific-peoples,775836,381642,707598,3426249,5291325,,3297864,70332,58053,,,0,148811.7003,75946.758,100378.5375,386779.3576,,711916.3534
10,604037,,,,,,,,,,,,,,10,153462.0659,78999.894,86947.60639,438121.7502,,757531.3166
20,649513,,Category,M?ori,Pacific Peoples,Asian,European,Middle Eastern/Latin American/African,Other Ethnicity,euro/other,Total New Zealand population,,,,20,122459.6284,69077.202,105326.7752,403893.4885,,700757.0941
30,606288,,0-4 years,9.6,10.1,6.9,5.4,8.2,4.8,5.447310572,5.8,,,,30,101532.983,51521.67,159757.3906,414161.967,,726974.0107
40,611551,,5-9 years,9.6,9.8,7.3,5.9,8.3,6,5.950960132,6.2,,,,40,80606.33766,38545.842,108861.2308,397047.8362,,625061.2466
50,612059,,10-14 years,10.4,10.8,6.6,6.5,7.7,6.4,6.522938525,6.7,,,,50,78281.15485,32821.212,66447.76424,458658.7073,,636208.8384
60,488467,,15-19 years,9.4,9.9,5.7,6.3,6.7,5,6.286184279,6.4,,,,60,56579.44855,20990.31,47361.7043,427853.2717,,552784.7346
70,478653,,20-24 years,8.2,9.5,6.2,5.9,6.3,3.6,5.869240677,6.2,,,,70,34102.68132,13739.112,32516.99101,499732.6214,,580091.4057
,,,25-29 years,7.6,8.6,8.7,5.9,8.1,4.3,5.918050527,6.7,,,,,,,,,,
,,,30-34 years,7.2,7.5,11.5,6.3,11.8,5.8,6.404428925,7.5,,,,,,,,,,
,,,35-39 years,5.9,6,11.1,5.8,11.9,6.2,5.93199461,6.9,,,,age adj,Maori,Pacific,Asian,Other,,sum
,,,40-44 years,5.2,5.3,9.2,5.6,9.4,6.5,5.69325338,6.3,,,,0,128276.5434,65466.54314,86526.87786,333406.0356,,613676
,,,45-49 years,5.2,4.8,6.2,6,6.2,8,6.037992685,6.1,,,,10,122366.9093,62992.58912,69329.90119,349347.6004,,604037
,,,50-54 years,5.4,4.5,5.2,6.8,4.7,10,6.811111977,6.5,,,,20,113504.5528,64025.8102,97624.56967,374358.0673,,649513
,,,55-59 years,4.7,4.1,4.2,6.6,3.6,9.5,6.587554232,6.1,,,,30,84677.34514,42968.48278,133235.8343,345406.3378,,606288
,,,60-64 years,4.3,3.2,3.6,6.7,2.7,8.8,6.653471946,5.9,,,,40,78864.08999,37712.70151,106508.274,388465.9345,,611551
,,,65-69 years,3,2.3,3.1,5.8,1.8,6.2,5.724667822,5.1,,,,50,75309.68208,31575.35228,63925.4749,441248.4907,,612059
,,,70-74 years,2.1,1.6,2.1,5.2,1.2,4.4,5.104335499,4.3,,,,60,49996.30375,18548.0407,41851.06456,378071.591,,488467
,,,75-79 years,1.2,1,1.2,4.2,0.7,2.5,4.09934996,3.3,,,,70,28139.2735,11336.60508,26830.8669,412346.2545,,478653
,,,80-84 years,0.7,0.6,0.7,2.8,0.4,1.2,2.723624465,2.2,,,,,,,,,,
,,,85-89 years,0.3,0.3,0.4,1.5,0.2,0.6,1.458065132,1.2,,,,,,,,,,
,,,90 years and over,0.1,0.1,0.2,0.9,0.1,0.3,0.873411915,0.7,,,,age rounded,Maori,Pacific,Asian,Other,,sum
,,,,,,,,,,,,,,,0,128277,65466,86527,333406,,613676
,,,,,,,,,,,,,,,10,122367,62992,69330,349348,,604037
,,,,,,,,,,,,,,,20,113505,64026,97624,374358,,649513
,,,,,,,,,,,,,,,30,84677,42969,133236,345406,,606288
,,,,,,,,,,,,,,,40,78864,37713,106508,388466,,611551
,,,,,,,,,,,,,,,50,75310,31575,63925,441249,,612059
,,,,,,,,,,,,,,,60,49996,18548,41851,378072,,488467
,,,,,,,,,,,,,,,70,28139,11337,26831,412346,,478653
,,,,,,,,,,,,,,,,,,,,,
,,,,,,,,,,,,,,,sum,681135,334626,625832,3022651,,
