"[0,5)","[5,10)","[10,15)","[15,20)","[20,25)","[25,30)","[30,35)","[35,40)","[40,45)","[45,50)","[50,55)","[55,60)","[60,65)","[65,70)","[70,75)","[75,80)","[80,85)","[85,90)","[90,Inf)"
2.61139064938132,1.07141051632504,0.32178060530277,0.163703771564112,0.236354684341314,0.600890393777637,1.03713958721368,0.96300983625023,0.599573541798433,0.416506644993535,0.362833467479706,0.334596963249486,0.260683769619506,0.197120997392952,0.142247989678663,0.0969160464216995,0.052886680728299,0.0552922677526523,0.0910980787096528
1.15815632714756,6.92946508917632,1.80582780785997,0.371741174931415,0.248035209330432,0.382418418521553,0.706544107117574,0.86032428153004,0.667139661135901,0.48427687709658,0.405718765491913,0.397508772568867,0.368210275562723,0.346683340258545,0.286967647920131,0.208014555642774,0.157467151016855,0.129729565040839,0.112373351470329
0.375101073235109,1.94739252918982,10.7594189723508,2.15558351725316,0.661737063037168,0.479825567173359,0.607416685647773,0.881603123966351,0.931061182404947,0.749667300885483,0.508854815859723,0.349656292707049,0.254797463899303,0.226894890246749,0.199000462294387,0.144729488565527,0.109252647398794,0.122634315912941,0.0654897357243439
0.182010583705237,0.382355503074667,2.05595861732764,7.73451572011109,1.76099082771529,0.775762952925738,0.616195629986073,0.707000394321807,0.89613078356277,0.918689569568382,0.638421979654824,0.355502841325341,0.19720117702502,0.16687299336752,0.163155085435206,0.142333084886933,0.120017701483712,0.141970413243972,0.10443764752404
0.255667961765411,0.248207071435596,0.614057601981625,1.71329138772955,4.36783536928004,1.48654846953596,0.99583904756726,0.813571029598735,0.851764394981015,1.08183628446769,0.988470191860386,0.608618532293536,0.29553591923905,0.205483996009099,0.183773523343119,0.168418388887104,0.162222436227943,0.200370096965188,0.149049575629963
0.699504202849155,0.411834370666087,0.479170430442581,0.812243314843465,1.59978656796643,2.8888133602824,1.4593104417567,1.14625727902047,0.915278755881521,1.00739427276614,1.17573996921755,0.991147022467826,0.544275218661598,0.322936344991363,0.2123850992082,0.159442725997429,0.151422890273166,0.21394451664844,0.182686351223983
1.34531771420108,0.847843409315687,0.675905413120685,0.718899706114891,1.19416600975443,1.62607387439317,2.54496202361214,1.50026543954596,1.18961388241649,1.01246086470205,1.0400010790118,1.11910187668638,0.827768637421175,0.532301293131293,0.283115481574278,0.153566613192773,0.125476393329728,0.203703491964583,0.233624669856523
1.15385065827654,0.95360776832655,0.906157224074322,0.761904568882487,0.901160732594944,1.17979328126803,1.38579609971261,2.32396827783779,1.38153488107095,1.15605516845685,0.909808599984145,0.852155144225583,0.802251296471797,0.698498311659397,0.411594862736304,0.192705028814514,0.125322157369293,0.200983679597892,0.278935405189703
0.656494014730145,0.67576203934925,0.874536800175201,0.882514297700197,0.862175540407435,0.86088794468799,1.00416871190643,1.262499708342,1.98952322415157,1.20104357815768,0.931222555445133,0.678000201940644,0.566667211660516,0.643329604234756,0.522556862074148,0.280993782543039,0.164182908571118,0.216477802989386,0.285151859827014
0.436485133691692,0.469493923692254,0.67394995351696,0.865921156057961,1.04808612187717,0.906884402291772,0.817971397833754,1.01113048099344,1.14952382370059,1.68924025698968,0.959417255270327,0.7033204683056,0.457844773164927,0.454383474665215,0.472004610474427,0.352987183408839,0.245931906625236,0.290291199938389,0.29484888668212
0.405922513082472,0.419903616856839,0.488361305499241,0.642400207730032,1.02232099922705,1.1299312362227,0.896978307060734,0.849506992466464,0.951482872313399,1.0242260146719,1.63061918200437,0.921768210880911,0.574918890706904,0.423967495354881,0.382453719536374,0.386317698194859,0.405331216232399,0.531147200672007,0.396654987906218
0.352797584506667,0.38773860737966,0.316268918918784,0.337138792382544,0.593248549740423,0.897731825238317,0.909673582455934,0.749900078212319,0.65289767201843,0.707635060815158,0.868739432967291,1.65284192513266,0.774336986173809,0.53518773178151,0.389147002165674,0.368631008738606,0.496460139961712,0.741208051069444,0.459174828401129
0.267943290172839,0.35011725774935,0.224665068250678,0.18230578034164,0.28081937640727,0.480565276395853,0.655919000978697,0.688209149230262,0.531947370816863,0.449055098841907,0.528201552049713,0.754840666310399,1.25060773341981,0.677126406443069,0.511028616919459,0.374080051147737,0.366531770768188,0.532926702446159,0.363905735708777
0.172585709042853,0.280797758194628,0.170415155925747,0.131407466516191,0.166317462687623,0.242881145077102,0.359287257785939,0.510409118871509,0.51441919919067,0.379618133429851,0.331794135283353,0.44440044453974,0.57678346327019,1.08784221300611,0.612884068415087,0.369761383985618,0.215838607977069,0.244395368571995,0.252393051996176
0.105279109048031,0.196479716288067,0.126346060882726,0.108607226006729,0.125738104821602,0.13502837467733,0.161537007306613,0.25424190264056,0.35321676413593,0.33334564241427,0.253010854341297,0.273153106968163,0.367969981371089,0.518086710843826,0.985974268376289,0.405239006739406,0.212886684404185,0.223972453490359,0.276659401226544
0.0549905734588436,0.109188023741045,0.0704467795634237,0.0726374290746816,0.0883425585037911,0.0777145261320208,0.0671740783362867,0.0912571136375457,0.14561327134129,0.191119048360648,0.195930192294764,0.198372202891124,0.206503879418276,0.239630541895722,0.310676023720155,0.54242995510375,0.251989087926326,0.281001132481602,0.240809012464965
0.0198042406160116,0.0545494748936958,0.0350958213462172,0.0404221334435125,0.0561578804133066,0.0487089029191114,0.0362231539115285,0.039167050406953,0.0561502271610332,0.0878778126145385,0.135670721937028,0.17631638013972,0.133534847603814,0.0923143193212127,0.107712056594853,0.166303373388163,0.141510285941349,0.0613862429316503,0.0329949041659185
0.0111086099627269,0.0241114316886762,0.0211358095203075,0.0256540067831925,0.0372148376931901,0.0369233765250107,0.0315504923316625,0.0337005687154263,0.0397210185657119,0.0556521138019666,0.0953837545825327,0.141231585965629,0.104167898754556,0.0560810768645851,0.0607986393368467,0.0994971925714503,0.0329347587226425,0.000708305701986903,0.000103233601984346
0.0104536914588332,0.0119292328130456,0.00644681570950077,0.0107790275904311,0.0158117197720238,0.0180082493217618,0.0206676696621888,0.0267143876457306,0.0298846626359963,0.0322858652867824,0.0406853054218559,0.0499729427582712,0.0406275344675781,0.0330800313265745,0.0428953118225903,0.0487013093374346,0.010111031137435,5.89639032511429e-05,1.12320026951831e-08
